Team,Age,W,L,PW,PL,MOV,SOS,SRS,ORtg,DRtg,NRtg,Pace,FTr,3PAr,TS%,Off_eFG%,Off_TOV%,ORB%,Off_FT/FGA,Def_eFG%,Def_TOV%,DRB%,Def_FT/FGA,G,MP,FG,FGA,FG%,3P,3PA,3P%,2P,2PA,2P%,FT,FTA,FT%,ORB,DRB,TRB,AST,STL,BLK,TOV,PF,PTS,Year
Boston Celtics,26.1,51.0,31.0,59,23,7.28,-0.26,7.02,114.4,106.9,7.5,96.6,0.239,0.425,0.578,0.542,12.4,24.0,0.195,0.502,12.5,77.3,0.183,82,19905,41.7,89.5,0.466,13.5,38.0,0.356,28.2,51.5,0.547,17.4,21.4,0.816,10.8,36.4,47.2,25.4,7.4,6.0,14.0,19.0,114.4,2022
Phoenix Suns,27.5,64.0,18.0,59,23,7.5,-0.56,6.94,114.8,107.3,7.5,99.8,0.221,0.354,0.581,0.549,11.6,22.3,0.176,0.51,13.0,77.1,0.195,82,19730,43.7,90.1,0.485,11.6,31.9,0.364,32.1,58.2,0.551,15.9,19.9,0.797,9.8,35.5,45.3,27.4,8.6,4.4,12.9,19.9,114.8,2022
Utah Jazz,29.3,49.0,33.0,56,26,6.04,-0.37,5.67,116.7,110.5,6.2,97.1,0.271,0.468,0.589,0.555,12.7,25.4,0.208,0.521,10.9,78.3,0.164,82,19730,41.7,88.5,0.471,14.9,41.4,0.36,26.7,47.1,0.568,18.4,24.0,0.767,11.1,36.5,47.6,23.0,7.4,5.0,14.4,19.4,116.7,2022
Memphis Grizzlies,24.0,56.0,26.0,55,27,5.68,-0.32,5.37,114.6,109.0,5.6,100.3,0.245,0.346,0.553,0.522,11.2,30.0,0.18,0.523,13.3,77.8,0.195,82,19780,43.2,93.6,0.461,11.4,32.4,0.353,31.8,61.2,0.519,16.8,23.0,0.734,14.0,34.7,48.8,25.8,9.7,6.4,13.1,19.6,114.6,2022
Golden State Warriors,27.6,53.0,29.0,55,27,5.54,-0.02,5.52,112.5,106.9,5.6,98.4,0.235,0.456,0.582,0.552,13.5,22.8,0.181,0.509,13.0,78.7,0.201,82,19730,41.1,87.6,0.469,14.5,39.9,0.364,26.5,47.6,0.557,15.8,20.6,0.769,9.9,36.2,46.1,27.5,8.9,4.6,15.1,21.3,112.5,2022
Miami Heat,28.2,53.0,29.0,53,29,4.45,-0.22,4.23,113.7,109.1,4.6,95.9,0.252,0.422,0.584,0.547,13.4,23.5,0.204,0.524,13.8,78.0,0.209,82,19855,40.9,87.6,0.467,14.0,37.0,0.379,26.9,50.6,0.531,17.8,22.1,0.808,10.2,35.0,45.2,26.3,7.6,3.3,15.0,21.2,113.7,2022
Dallas Mavericks,26.7,52.0,30.0,50,32,3.3,-0.18,3.12,112.8,109.4,3.4,95.4,0.249,0.439,0.572,0.538,11.7,21.3,0.192,0.521,12.2,78.0,0.185,82,19755,41.0,88.9,0.461,13.7,39.0,0.35,27.4,49.9,0.548,17.1,22.2,0.771,9.7,35.3,44.9,24.4,7.0,4.1,13.1,20.5,112.8,2022
Milwaukee Bucks,28.5,51.0,31.0,49,33,3.35,-0.14,3.22,115.1,111.8,3.3,99.9,0.257,0.43,0.58,0.546,11.9,23.0,0.199,0.536,11.6,78.6,0.165,82,19755,41.7,89.1,0.468,14.0,38.3,0.366,27.7,50.8,0.544,17.7,22.9,0.776,10.2,36.3,46.6,23.8,7.6,4.0,13.4,18.2,115.1,2022
Philadelphia 76ers,26.8,51.0,31.0,48,34,2.61,-0.04,2.57,113.5,110.8,2.7,96.2,0.282,0.376,0.578,0.534,11.6,20.1,0.232,0.524,12.1,76.8,0.192,82,19805,40.7,87.3,0.466,12.0,32.8,0.364,28.7,54.4,0.527,20.2,24.6,0.821,8.8,34.9,43.7,24.5,8.0,5.5,12.9,20.0,113.5,2022
Minnesota Timberwolves,24.2,46.0,36.0,48,34,2.63,-0.1,2.53,114.3,111.7,2.6,100.9,0.254,0.454,0.573,0.539,12.4,24.4,0.198,0.535,14.2,74.9,0.227,82,19780,41.0,89.7,0.457,14.6,40.7,0.358,26.5,49.0,0.54,17.7,22.8,0.778,11.1,32.5,43.5,25.3,8.7,5.5,14.1,21.5,114.3,2022
Denver Nuggets,27.7,48.0,34.0,47,35,2.3,-0.15,2.16,114.5,112.1,2.4,97.8,0.244,0.416,0.59,0.556,13.2,21.9,0.194,0.537,11.7,78.3,0.188,82,19805,42.3,87.7,0.483,12.9,36.5,0.353,29.4,51.2,0.575,17.0,21.4,0.795,9.3,35.5,44.8,28.2,7.3,3.8,14.7,20.3,114.5,2022
Toronto Raptors,24.8,48.0,34.0,47,35,2.29,0.08,2.38,112.9,110.5,2.4,96.0,0.234,0.375,0.543,0.51,11.0,28.4,0.177,0.535,14.4,75.6,0.199,82,19855,41.9,94.3,0.445,12.3,35.3,0.349,29.6,58.9,0.503,16.7,22.0,0.759,13.8,33.0,46.8,22.8,9.3,4.7,12.9,20.2,112.9,2022
Cleveland Cavaliers,24.7,44.0,38.0,47,35,2.12,-0.08,2.04,111.9,109.7,2.2,96.1,0.261,0.387,0.571,0.538,13.2,24.0,0.198,0.52,12.3,76.5,0.172,82,19730,41.2,87.8,0.469,12.1,34.0,0.355,29.1,53.8,0.541,17.4,22.9,0.76,10.6,35.3,45.9,26.1,7.3,4.3,14.9,18.1,111.9,2022
Atlanta Hawks,26.1,43.0,39.0,45,37,1.56,-0.01,1.55,116.5,114.9,1.6,97.7,0.253,0.39,0.581,0.543,10.8,23.0,0.205,0.543,11.5,76.9,0.177,82,19705,42.4,90.3,0.47,13.2,35.2,0.374,29.2,55.1,0.531,18.5,22.8,0.812,10.3,34.7,45.0,25.2,7.3,4.3,12.1,19.1,116.5,2022
Brooklyn Nets,29.1,44.0,38.0,43,39,0.78,0.04,0.82,113.6,112.8,0.8,99.0,0.246,0.359,0.576,0.54,12.5,23.9,0.198,0.521,11.7,75.1,0.201,82,19755,42.2,89.0,0.475,11.5,31.9,0.361,30.7,57.0,0.538,17.6,21.9,0.805,10.4,34.3,44.7,25.4,7.1,5.5,14.1,20.5,113.6,2022
Charlotte Hornets,25.5,43.0,39.0,42,40,0.44,0.09,0.53,114.1,113.7,0.4,100.0,0.234,0.418,0.572,0.544,11.6,23.3,0.173,0.544,13.1,74.8,0.187,82,19880,42.3,90.5,0.468,13.8,37.8,0.365,28.5,52.7,0.542,15.7,21.2,0.74,10.7,33.4,44.1,27.8,8.5,4.9,13.1,19.7,114.1,2022
San Antonio Spurs,24.5,34.0,48.0,41,41,0.12,-0.1,0.02,112.4,112.3,0.1,100.0,0.22,0.345,0.556,0.527,11.1,23.7,0.166,0.532,12.1,75.1,0.176,82,19805,43.0,92.1,0.467,11.2,31.8,0.352,31.7,60.3,0.527,15.3,20.3,0.754,10.9,34.1,45.0,27.7,7.6,4.9,12.6,18.0,112.4,2022
Los Angeles Clippers,27.5,42.0,40.0,41,41,0.02,0.06,0.09,110.1,110.1,0.0,98.0,0.224,0.391,0.564,0.531,12.5,20.6,0.178,0.514,12.0,74.4,0.167,82,19780,40.7,88.8,0.458,13.0,34.7,0.374,27.7,54.1,0.512,15.8,19.9,0.793,9.3,35.4,44.7,24.4,7.5,5.0,13.9,18.9,110.1,2022
New York Knicks,26.0,37.0,45.0,41,41,-0.12,0.11,-0.01,110.4,110.5,-0.1,95.9,0.28,0.428,0.55,0.513,12.0,25.1,0.208,0.521,11.7,78.8,0.198,82,19780,39.1,89.4,0.437,13.7,38.3,0.357,25.4,51.1,0.497,18.6,25.0,0.744,11.9,35.9,47.8,22.7,7.2,5.0,13.7,21.1,110.4,2022
Chicago Bulls,26.3,46.0,36.0,40,42,-0.39,0.02,-0.38,113.2,113.6,-0.4,98.3,0.248,0.332,0.579,0.541,11.8,20.4,0.201,0.541,11.9,78.3,0.199,82,19730,42.3,88.2,0.48,10.8,29.3,0.369,31.6,58.9,0.535,17.8,21.9,0.813,8.8,34.2,42.9,24.2,7.2,4.2,13.0,19.1,113.2,2022
New Orleans Pelicans,25.6,36.0,46.0,38,44,-0.99,0.15,-0.84,112.0,113.0,-1.0,97.2,0.264,0.365,0.557,0.517,12.5,26.9,0.208,0.547,13.0,78.2,0.196,82,19755,41.2,90.1,0.457,10.9,32.8,0.332,30.2,57.3,0.528,18.8,23.8,0.789,12.3,34.1,46.3,25.6,8.5,4.1,14.4,20.1,112.0,2022
Los Angeles Lakers,30.2,33.0,49.0,33,49,-3.05,-0.03,-3.08,110.3,113.3,-3.0,100.1,0.259,0.388,0.567,0.537,12.8,21.1,0.19,0.54,12.2,75.8,0.192,82,19980,41.0,87.3,0.469,11.8,33.9,0.347,29.2,53.4,0.546,16.6,22.6,0.732,9.4,33.9,43.3,23.6,7.5,5.1,14.3,19.8,110.3,2022
Washington Wizards,25.9,35.0,47.0,32,50,-3.38,0.15,-3.23,111.1,114.5,-3.4,97.0,0.252,0.356,0.568,0.532,12.1,20.9,0.197,0.529,10.7,76.9,0.202,82,19830,41.5,88.0,0.472,10.7,31.3,0.342,30.8,56.7,0.543,17.4,22.2,0.783,9.2,34.9,44.1,25.6,6.5,5.1,13.4,19.3,111.1,2022
Indiana Pacers,26.0,25.0,57.0,32,50,-3.48,0.22,-3.26,112.6,116.1,-3.5,98.0,0.239,0.395,0.564,0.531,12.7,25.5,0.184,0.552,11.9,76.2,0.204,82,19880,41.9,90.4,0.463,12.3,35.7,0.344,29.6,54.7,0.541,16.6,21.6,0.768,11.4,32.9,44.3,25.6,7.2,5.6,14.6,20.6,112.6,2022
Sacramento Kings,25.8,30.0,52.0,28,54,-5.46,0.2,-5.26,109.9,115.3,-5.4,99.8,0.264,0.377,0.561,0.525,12.5,21.3,0.203,0.551,11.9,76.0,0.176,82,19805,40.3,87.7,0.46,11.4,33.1,0.344,29.0,54.7,0.53,17.8,23.2,0.768,9.5,33.2,42.8,23.6,7.1,4.5,14.0,18.9,109.9,2022
Detroit Pistons,23.6,23.0,59.0,22,60,-7.72,0.37,-7.36,106.0,113.8,-7.8,98.4,0.249,0.391,0.533,0.494,12.6,23.4,0.194,0.541,13.1,75.6,0.226,82,19780,38.6,89.6,0.431,11.4,35.0,0.326,27.2,54.6,0.498,17.4,22.3,0.782,11.1,32.4,43.5,23.7,7.8,4.8,14.3,22.2,106.0,2022
Orlando Magic,23.3,22.0,60.0,21,61,-8.0,0.33,-7.67,104.5,112.5,-8.0,99.2,0.223,0.417,0.538,0.503,13.0,19.8,0.175,0.532,11.7,77.2,0.196,82,19780,38.4,88.5,0.434,12.2,36.9,0.331,26.2,51.6,0.507,15.5,19.7,0.787,9.1,35.3,44.4,23.8,6.8,4.5,14.5,19.7,104.5,2022
Oklahoma City Thunder,22.4,24.0,58.0,21,61,-8.1,0.2,-7.9,104.6,112.8,-8.2,98.6,0.223,0.419,0.53,0.497,12.5,21.8,0.169,0.533,11.8,76.1,0.169,82,19805,38.6,89.9,0.43,12.2,37.7,0.323,26.4,52.2,0.507,15.2,20.1,0.756,10.5,35.5,46.0,22.4,7.6,4.7,14.1,18.4,104.6,2022
Houston Rockets,24.1,20.0,62.0,21,61,-8.48,0.22,-8.26,108.4,116.7,-8.3,100.9,0.284,0.448,0.565,0.534,14.5,21.7,0.202,0.554,12.3,74.4,0.206,82,19755,38.9,85.3,0.456,13.3,38.2,0.349,25.6,47.1,0.543,17.3,24.2,0.713,9.5,32.0,41.5,23.3,7.2,4.6,16.3,20.4,108.4,2022
Portland Trail Blazers,25.6,27.0,55.0,20,62,-8.88,0.33,-8.55,107.8,116.9,-9.1,98.3,0.248,0.422,0.55,0.515,13.0,22.9,0.188,0.559,12.7,76.9,0.222,82,19730,39.1,88.4,0.442,12.9,37.4,0.346,26.2,51.1,0.513,16.7,21.9,0.76,10.6,32.9,43.5,23.3,8.1,4.5,14.7,21.4,107.8,2022
